﻿[
	{
		"Title": "potato jpg",
		"Summary": "Kentang Si bungsu dari keluarga Solanum tuberosum L ini ternyata memiliki khasiat untuk mengurangi kerutan  jerawat  bintik hitam dan kemerahan pada kulit  Gunakan seminggu sekali sebagai",
		"Url": "http://www.mediaindonesia.com/spaw/uploads/images/potato.jpg",
		"ClickUrl": "http://www.mediaindonesia.com/spaw/uploads/images/potato.jpg",
		"RefererUrl": "http://www.mediaindonesia.com/mediaperempuan/index.php?ar_id=Nzkw",
		"FileSize": 22630,
		"FileFormat": "jpeg",
		"Height": "362",
		"Width": "532"
	},
	{
		"Title": "potato jpg",
		"Summary": "Introduction of puneri aloo This is a traditional potato preparation flavoured with curry leaves and peanuts and can be eaten on fasting day  Preparation time   10 min",
		"Url": "http://www.infovisual.info/01/photo/potato.jpg",
		"ClickUrl": "http://www.infovisual.info/01/photo/potato.jpg",
		"RefererUrl": "http://sundayfood.com/puneri-aloo-indian-%20recipe",
		"FileSize": 119398,
		"FileFormat": "jpeg",
		"Height": "685",
		"Width": "1024"

	}
]