﻿{
	"cards": {
		"testing": {
			"label": "Testing",
			"count": 1910000,
			"graphs": [
				{ "style": { "background-color": "rgb(10, 124, 130)", "height": "30px" } },
				{ "style": { "background-color": "rgb(57, 124, 100)", "height": "30px" } },
				{ "style": { "background-color": "rgb(57, 124, 100)", "height": "30px" } },
				{ "style": { "background-color": "rgb(57, 124, 100)", "height": "30px" } },
				{ "style": { "background-color": "rgb(57, 124, 100)", "height": "30px" } }
			]
		}
	}
}
