[
  {
    "guid": "4c774eed-f167-4aaa-8b72-c53e3e895d8a", 
    "index": 0, 
    "favoriteFruit": "banana", 
    "latitude": -83.288433999999995, 
    "company": "HOPELI", 
    "email": "hermannorton@hopeli.com", 
    "picture": "http://placehold.it/32x32", 
    "tags": [
      "adipisicing", 
      "proident", 
      "quis", 
      "cupidatat", 
      "nisi", 
      "commodo", 
      "laborum"
    ], 
    "registered": "2015-06-17T16:12:31 -03:00", 
    "eyeColor": "green", 
    "phone": "+1 (887) 544-2787", 
    "address": "271 Willow Place, Clarksburg, Ohio, 6809", 
    "friends": [
      {
        "id": 0, 
        "name": "Levy Mccarty"
      }, 
      {
        "id": 1, 
        "name": "Daugherty Suarez"
      }, 
      {
        "id": 2, 
        "name": "Walter Gates"
      }
    ], 
    "isActive": true, 
    "about": "Exercitation et tempor nisi incididunt occaecat occaecat quis sunt sit incididunt ea magna aute irure. Exercitation id fugiat eiusmod quis amet consequat aliqua voluptate id consequat elit. Dolore occaecat labore enim occaecat cupidatat quis laborum. Id aliqua officia excepteur eu culpa quis veniam enim deserunt elit consequat et. Sint pariatur deserunt do irure tempor do.\r\n", 
    "balance": "$3,015.63", 
    "name": "Herman Norton", 
    "gender": "male", 
    "age": 21, 
    "greeting": "Hello, Herman Norton! You have 1 unread messages.", 
    "longitude": -44.283535000000001, 
    "_id": "5592454a3e9ce099cd52dc6c"
  }, 
  {
    "guid": "1201a293-adba-46dc-bdf6-5f6c22b2dbb5", 
    "index": 1, 
    "favoriteFruit": "banana", 
    "latitude": -82.592680000000001, 
    "company": "NURALI", 
    "email": "margiecruz@nurali.com", 
    "picture": "http://placehold.it/32x32", 
    "tags": [
      "exercitation", 
      "Lorem", 
      "quis", 
      "deserunt", 
      "elit", 
      "magna", 
      "consequat"
    ], 
    "registered": "2015-01-18T01:05:59 -03:00", 
    "eyeColor": "brown", 
    "phone": "+1 (904) 473-3040", 
    "address": "933 Broome Street, Caberfae, Alaska, 4604", 
    "friends": [
      {
        "id": 0, 
        "name": "Obrien Terry"
      }, 
      {
        "id": 1, 
        "name": "David Sellers"
      }, 
      {
        "id": 2, 
        "name": "Jefferson Molina"
      }
    ], 
    "isActive": true, 
    "about": "Tempor reprehenderit fugiat reprehenderit tempor non id excepteur veniam esse nulla velit velit et et. Aute esse in velit dolor. Qui esse excepteur enim cupidatat et anim irure magna esse. Culpa pariatur tempor ea excepteur ex.\r\n", 
    "balance": "$2,944.54", 
    "name": "Margie Cruz", 
    "gender": "female", 
    "age": 37, 
    "greeting": "Hello, Margie Cruz! You have 4 unread messages.", 
    "longitude": 145.927558, 
    "_id": "5592454ac2426317540d05e4"
  }, 
  {
    "guid": "6dd725cb-b5d3-44b9-810b-005710815633", 
    "index": 2, 
    "favoriteFruit": "strawberry", 
    "latitude": 41.468829999999997, 
    "company": "INTRAWEAR", 
    "email": "barbraburton@intrawear.com", 
    "picture": "http://placehold.it/32x32", 
    "tags": [
      "id", 
      "pariatur", 
      "minim", 
      "minim", 
      "Lorem", 
      "minim", 
      "mollit"
    ], 
    "registered": "2014-06-24T06:35:48 -03:00", 
    "eyeColor": "brown", 
    "phone": "+1 (837) 529-3619", 
    "address": "866 Euclid Avenue, Eagletown, Georgia, 1779", 
    "friends": [
      {
        "id": 0, 
        "name": "Foreman Mooney"
      }, 
      {
        "id": 1, 
        "name": "Patty Vaughn"
      }, 
      {
        "id": 2, 
        "name": "Bates Hewitt"
      }
    ], 
    "isActive": true, 
    "about": "Enim aliqua in aute consectetur. Ipsum eiusmod dolor eiusmod aliquip ut id. Nisi esse veniam minim sit est ullamco sunt sint duis.\r\n", 
    "balance": "$2,441.98", 
    "name": "Barbra Burton", 
    "gender": "female", 
    "age": 28, 
    "greeting": "Hello, Barbra Burton! You have 6 unread messages.", 
    "longitude": 103.95667899999999, 
    "_id": "5592454ad029626d23ac851e"
  }, 
  {
    "guid": "91afff2c-cfaf-4cec-b5bf-4e2dcc0c89ec", 
    "index": 3, 
    "favoriteFruit": "strawberry", 
    "latitude": -8.4458900000000003, 
    "company": "EMTRAK", 
    "email": "huberlane@emtrak.com", 
    "picture": "http://placehold.it/32x32", 
    "tags": [
      "voluptate", 
      "in", 
      "esse", 
      "amet", 
      "eu", 
      "cillum", 
      "eu"
    ], 
    "registered": "2014-11-07T08:49:52 -03:00", 
    "eyeColor": "brown", 
    "phone": "+1 (896) 474-2438", 
    "address": "114 Etna Street, Nipinnawasee, Utah, 4614", 
    "friends": [
      {
        "id": 0, 
        "name": "Kaye Mccall"
      }, 
      {
        "id": 1, 
        "name": "Maynard Hess"
      }, 
      {
        "id": 2, 
        "name": "Bauer Avery"
      }
    ], 
    "isActive": true, 
    "about": "Fugiat aliquip aliquip Lorem consequat. Eiusmod duis esse incididunt nisi aute irure quis proident adipisicing nostrud mollit et labore. Aliquip est sint Lorem adipisicing est.\r\n", 
    "balance": "$3,699.18", 
    "name": "Huber Lane", 
    "gender": "male", 
    "age": 23, 
    "greeting": "Hello, Huber Lane! You have 10 unread messages.", 
    "longitude": 143.939716, 
    "_id": "5592454a2b7b628a9dbe6dad"
  }, 
  {
    "guid": "c46947b0-7b99-40f3-bd9c-8a8499331611", 
    "index": 4, 
    "favoriteFruit": "banana", 
    "latitude": 84.755933999999996, 
    "company": "AQUAFIRE", 
    "email": "carlyshelton@aquafire.com", 
    "picture": "http://placehold.it/32x32", 
    "tags": [
      "sunt", 
      "sint", 
      "cupidatat", 
      "ea", 
      "ea", 
      "dolor", 
      "cillum"
    ], 
    "registered": "2015-01-11T04:24:54 -03:00", 
    "eyeColor": "brown", 
    "phone": "+1 (983) 415-2899", 
    "address": "672 Portland Avenue, Coaldale, Kentucky, 6898", 
    "friends": [
      {
        "id": 0, 
        "name": "Deanna Conner"
      }, 
      {
        "id": 1, 
        "name": "Evangelina Stewart"
      }, 
      {
        "id": 2, 
        "name": "Claudine Kinney"
      }
    ], 
    "isActive": false, 
    "about": "Laboris id sit laborum mollit. Nisi et duis dolore non dolore aliqua. Laboris quis cupidatat consectetur sint cupidatat non aute deserunt amet.\r\n", 
  "balance": "$3,352.40", 
    "name": "Carly Shelton", 
    "gender": "female", 
    "age": 21, 
    "greeting": "Hello, Carly Shelton! You have 10 unread messages.", 
    "longitude": 78.383719999999997, 
    "_id": "5592454a9da341e6bf97adf2"
  }
]